Va,Vb,Vc,Ia,Ib,Ic,clase
-0.374058297,0.455018427,-0.080960131,315.8505144,63.26783219,-45.92089402,LG
0.003551761,-0.299531225,0.295979463,866.0669008,43.924129,9.88323149,LG
-0.359276929,0.598577927,-0.239300997,-172.1823417,36.40421601,-49.27596562,LG
0.517510494,-0.003685466,-0.513825028,41.76445469,-93.94021537,55.02219217,LL
-0.372273158,-0.039760547,0.412033704,-69.74299831,330.5431284,-258.3416022,LL
0.245968538,0.00505667,-0.251025208,-27.34380317,770.157989,-740.1752772,LL
0.028033862,-0.114621234,0.086587372,-310.7238348,876.9352699,47.72371816,LLG
0.04208988,-0.359349014,0.317259134,487.2813044,380.5425002,54.09456553,LLG
0.004684636,0.112457015,-0.117141651,-722.2167978,804.3356817,20.3123624,LLG
-0.281041585,0.622798584,-0.341756999,41.78671482,40.19360717,-84.89957796,Normal
0.102298502,-0.553009639,0.450711137,-66.77985129,41.14500374,22.41586346,Normal
0.167874675,-0.572657894,0.404783219,-63.03206953,31.66623156,28.38706771,Normal
0.001936654,-0.037590113,0.035653459,801.5351487,-723.2383813,-76.23013764,Trifásica
0.023201501,-0.04225743,0.019055928,880.080829,-364.4520939,-513.5688469,Trifásica
-0.093475316,0.052783263,0.040692053,-764.9549493,311.6235837,453.9389433,Trifásica
